Job Title,Company Name,Location,Work Type,Experience Level,Niveau d'étude
"Business Analyst (Power BI & Tableau), Technology Services Group",Optimus SBR,"Toronto, Ontario, Canada",Inconnu,Unknown,Inconnu
"Business Analyst (Data, Loyalty & Insights)",Indigo,"Toronto, Ontario, Canada",Inconnu,Unknown,Inconnu
Product Marketing Data Analyst,Global X Canada,"Toronto, Ontario, Canada",Inconnu,Unknown,Inconnu
Senior Data Analyst(Marketing),CM2,"Markham, Ontario, Canada",Inconnu,Unknown,Inconnu
Senior Business Intelligence Analyst (Power Automate / Apps),TD,"Toronto, Ontario, Canada",Inconnu,Unknown,Inconnu
Business Analysis Specialist,Scotiabank,"Toronto, Ontario, Canada",Inconnu,Unknown,Inconnu
Senior Business Tech & Data Analyst,Ontario Power Generation,"Pickering, Ontario, Canada",Inconnu,Unknown,Inconnu
Business Analyst - Relocate to Saudi Arabia,aramco,"Calgary, Alberta, Canada",Inconnu,Unknown,Inconnu
Business Analyst,IKEA,"Burlington, Ontario, Canada",Inconnu,3+ years,Inconnu
"Data Lake Reporting Analyst, Deloitte Global Technology",Deloitte,"Toronto, Ontario, Canada",Inconnu,Unknown,Inconnu
business data analyst,TecQify Solutions Inc,"Abbotsford, British Columbia, Canada",Inconnu,2+ years,Inconnu
Senior Business Analyst,Veracity Software Inc,"Ontario, Canada",Inconnu,Unknown,Inconnu
Business Analyst-Azure data/ datawarehouse,J&M Group,"Toronto, Ontario, Canada",Inconnu,8+ years,Inconnu
Sr. Business Analyst,CGS Federal (Contact Government Services),"Yellowstone, Alberta, Canada",Inconnu,Unknown,Inconnu
Senior Business Analyst,SHEIN,"Markham, Ontario, Canada",Inconnu,Unknown,Inconnu
Data and Reporting Analyst,Manulife,"Toronto, Ontario, Canada",Inconnu,Unknown,Inconnu
Analyste de données – BI,Astek,"Montreal, Quebec, Canada",Inconnu,Unknown,Inconnu
Business Analyst - Banking,Capgemini,"Mississauga, Ontario, Canada",Inconnu,Unknown,Inconnu
Business Analyst - Digital Transformation - Relocate to Saudi Arabia,aramco,"Calgary, Alberta, Canada",Inconnu,Unknown,Inconnu
Business Analyst,CGS Federal (Contact Government Services),"Yellowstone, Alberta, Canada",Inconnu,Unknown,Inconnu
Senior Business Analyst,Talencore,"Toronto, Ontario, Canada",Inconnu,Unknown,Inconnu
GenAI Business Analyst,Veracity Software Inc,Canada,Inconnu,Unknown,Inconnu
Data and Reporting Analyst,Apex Systems,"Greater Toronto Area, Canada",Inconnu,Unknown,Inconnu
Senior Business Analyst,Prollenium Medical Technologies Inc.,"Richmond Hill, Ontario, Canada",Inconnu,Unknown,Inconnu
Business Analyst,Tata Consultancy Services,"Toronto, Ontario, Canada",Inconnu,Unknown,Inconnu
Sr. Business Analyst,Delaplex,"Toronto, Ontario, Canada",Inconnu,Unknown,Inconnu
Business Analyst Specialist,Scotiabank,"Toronto, Ontario, Canada",Inconnu,Unknown,Inconnu
Lead Technical Business Analyst,Notified,"Toronto, Ontario, Canada",Inconnu,Unknown,Inconnu
Business Analyst,Veracity Software Inc,"Regina, Saskatchewan, Canada",Inconnu,Unknown,Inconnu
Senior Consultant - Financial & Operational Business Intelligence / Data Engineer,LevelUp Finance - An Array Company,Canada,Inconnu,5+ years,Inconnu
"Data Lake Reporting Analyst, Deloitte Global Technology",Deloitte,"Edmonton, Alberta, Canada",Inconnu,Unknown,Inconnu
Senior Business Analyst,Synechron,"Toronto, Ontario, Canada",Inconnu,20+ years,Inconnu
Business Analyst,Tata Consultancy Services,"Toronto, Ontario, Canada",Inconnu,Unknown,Inconnu
Business Analyst,The Ottawa Hospital,"Ottawa, Ontario, Canada",Inconnu,Unknown,Inconnu
